{
  "schema": "e6-table2-table3-yukawa-inconsistency-diagnostic/v1",
  "finding": "Table 2 and Table 3 print inconsistent point-2 Yukawa values; all combinations are retained as a diagnostic rather than silently choosing one.",
  "results": {
    "point_1": {
      "Y27_table2__Y351_table2": {
        "charged_masses_GeV": [
          0.05345319562021847,
          0.8341862491214995
        ],
        "neutrino_masses_eV": [
          0.12285407438345132,
          0.1324915341421819
        ],
        "charged_relative_rms": 0.09438781516394801,
        "neutrino_relative_rms": 0.0220073428907367,
        "mixing_candidates": {
          "U_left_rows": {
            "matrix": [
              [
                -0.965518977149153,
                -0.26033268093893575
              ],
              [
                -0.26033268093893563,
                0.9655189771491528
              ]
            ],
            "offdiag_01_squared": 0.06777310476485372,
            "diag_00_squared": 0.9322268952351467
          },
          "V_right_columns": {
            "matrix": [
              [
                -0.8081299329128743,
                -0.5890042542547835
              ],
              [
                0.5890042542547835,
                -0.8081299329128743
              ]
            ],
            "offdiag_01_squared": 0.34692601153023367,
            "diag_00_squared": 0.6530739884697667
          }
        },
        "target": {
          "Y27": [
            [
              -0.723,
              0.703
            ],
            [
              0.703,
              -0.676
            ]
          ],
          "Y351": [
            [
              -0.371,
              0.0
            ],
            [
              0.0,
              0.363
            ]
          ],
          "charged": [
            0.0613,
            0.867
          ],
          "neutrino": [
            0.126,
            0.135
          ],
          "sin2": 0.343
        }
      },
      "Y27_table2__Y351_table3": {
        "charged_masses_GeV": [
          0.05345319562021847,
          0.8341862491214995
        ],
        "neutrino_masses_eV": [
          0.12285407438345132,
          0.1324915341421819
        ],
        "charged_relative_rms": 0.09438781516394801,
        "neutrino_relative_rms": 0.0220073428907367,
        "mixing_candidates": {
          "U_left_rows": {
            "matrix": [
              [
                -0.965518977149153,
                -0.26033268093893575
              ],
              [
                -0.26033268093893563,
                0.9655189771491528
              ]
            ],
            "offdiag_01_squared": 0.06777310476485372,
            "diag_00_squared": 0.9322268952351467
          },
          "V_right_columns": {
            "matrix": [
              [
                -0.8081299329128743,
                -0.5890042542547835
              ],
              [
                0.5890042542547835,
                -0.8081299329128743
              ]
            ],
            "offdiag_01_squared": 0.34692601153023367,
            "diag_00_squared": 0.6530739884697667
          }
        },
        "target": {
          "Y27": [
            [
              -0.723,
              0.703
            ],
            [
              0.703,
              -0.676
            ]
          ],
          "Y351": [
            [
              -0.371,
              0.0
            ],
            [
              0.0,
              0.363
            ]
          ],
          "charged": [
            0.0613,
            0.867
          ],
          "neutrino": [
            0.126,
            0.135
          ],
          "sin2": 0.343
        }
      },
      "Y27_table3__Y351_table2": {
        "charged_masses_GeV": [
          0.05345319562021847,
          0.8341862491214995
        ],
        "neutrino_masses_eV": [
          0.12285407438345132,
          0.1324915341421819
        ],
        "charged_relative_rms": 0.09438781516394801,
        "neutrino_relative_rms": 0.0220073428907367,
        "mixing_candidates": {
          "U_left_rows": {
            "matrix": [
              [
                -0.965518977149153,
                -0.26033268093893575
              ],
              [
                -0.26033268093893563,
                0.9655189771491528
              ]
            ],
            "offdiag_01_squared": 0.06777310476485372,
            "diag_00_squared": 0.9322268952351467
          },
          "V_right_columns": {
            "matrix": [
              [
                -0.8081299329128743,
                -0.5890042542547835
              ],
              [
                0.5890042542547835,
                -0.8081299329128743
              ]
            ],
            "offdiag_01_squared": 0.34692601153023367,
            "diag_00_squared": 0.6530739884697667
          }
        },
        "target": {
          "Y27": [
            [
              -0.723,
              0.703
            ],
            [
              0.703,
              -0.676
            ]
          ],
          "Y351": [
            [
              -0.371,
              0.0
            ],
            [
              0.0,
              0.363
            ]
          ],
          "charged": [
            0.0613,
            0.867
          ],
          "neutrino": [
            0.126,
            0.135
          ],
          "sin2": 0.343
        }
      },
      "Y27_table3__Y351_table3": {
        "charged_masses_GeV": [
          0.05345319562021847,
          0.8341862491214995
        ],
        "neutrino_masses_eV": [
          0.12285407438345132,
          0.1324915341421819
        ],
        "charged_relative_rms": 0.09438781516394801,
        "neutrino_relative_rms": 0.0220073428907367,
        "mixing_candidates": {
          "U_left_rows": {
            "matrix": [
              [
                -0.965518977149153,
                -0.26033268093893575
              ],
              [
                -0.26033268093893563,
                0.9655189771491528
              ]
            ],
            "offdiag_01_squared": 0.06777310476485372,
            "diag_00_squared": 0.9322268952351467
          },
          "V_right_columns": {
            "matrix": [
              [
                -0.8081299329128743,
                -0.5890042542547835
              ],
              [
                0.5890042542547835,
                -0.8081299329128743
              ]
            ],
            "offdiag_01_squared": 0.34692601153023367,
            "diag_00_squared": 0.6530739884697667
          }
        },
        "target": {
          "Y27": [
            [
              -0.723,
              0.703
            ],
            [
              0.703,
              -0.676
            ]
          ],
          "Y351": [
            [
              -0.371,
              0.0
            ],
            [
              0.0,
              0.363
            ]
          ],
          "charged": [
            0.0613,
            0.867
          ],
          "neutrino": [
            0.126,
            0.135
          ],
          "sin2": 0.343
        }
      }
    },
    "point_2": {
      "Y27_table2__Y351_table2": {
        "charged_masses_GeV": [
          0.10637852218684841,
          1.207583386828756
        ],
        "neutrino_masses_eV": [
          0.06708999213884687,
          0.08135000246198106
        ],
        "charged_relative_rms": 0.4428506165164526,
        "neutrino_relative_rms": 0.015627715785821325,