{
  "status": "joint_fn_ckm_scan_complete",
  "lambda": 0.2243,
  "best": {
    "label": "best_joint_fit",
    "objective": 1.0265501502469025e-21,
    "down_ratios": [
      1.0,
      0.05031049000000003,
      0.002531145404040145
    ],
    "down_powers_lambda": [
      -0.0,
      1.9999999999999993,
      3.999999999999988
    ],
    "up_ratios": [
      1.0,
      0.0025311454040401896,
      6.406697056431675e-06
    ],
    "up_powers_lambda": [
      -0.0,
      3.999999999999976,
      7.999999999995995
    ],
    "ckm_abs": [
      [
        0.9748879667315458,
        0.22240978971670516,
        0.011284403404833117
      ],
      [
        0.22269578627654055,
        0.9735902106401186,
        0.05028606686153482
      ],
      [
        0.00019772886849465964,
        0.051536270566469276,
        0.9986711038772447
      ]
    ],
    "ckm_target_abs": [
      [
        0.974887966731546,
        0.2224097897167054,
        0.011284403404833328
      ],
      [
        0.22269578627654069,
        0.973590210640116,
        0.050286066861585786
      ],
      [
        0.0001977288685057614,
        0.051536270566518966,
        0.998671103877242
      ]
    ],
    "ckm_abs_error": [
      [
        -2.220446049250313e-16,
        -2.498001805406602e-16,
        -2.1163626406917047e-16
      ],
      [
        -1.3877787807814457e-16,
        2.6645352591003757e-15,
        -5.096617572419859e-14
      ],
      [
        -1.1101769460328259e-14,
        -4.968941924587966e-14,
        2.6645352591003757e-15
      ]
    ],
    "down_matrix_norm": [
      [
        0.5958827403957457,
        0.14004760773563435,
        0.46617318804189417
      ],
      [
        0.9659601689243629,
        0.1649466283117513,
        0.6161079356579553
      ],
      [
        1.0,
        0.15610765800821808,
        0.5843375549165308
      ]
    ],
    "up_matrix_norm": [
      [
        0.8598130124937552,
        0.9528003950191155,
        0.06902668605606171
      ],
      [
        0.8994604830797531,
        1.0,
        0.06806811935342377
      ],
      [
        0.7238972927230968,
        0.8069447162319907,
        0.05201945747607694
      ]
    ],
    "left_plane_angles_U_D_deg": [
      19.23593836950614,
      55.81386116063185,
      88.72027458053613
    ],
    "down_LR_principal_angles_deg": [
      31.938591383956993,
      39.656948294975905,
      84.36930443085217
    ],
    "up_LR_principal_angles_deg": [
      6.261006958909564,
      61.91447764193494,
      76.34156260079556
    ],
    "frames": {
      "Ld": [
        [
          0.09524672779018761,
          -0.6160333821726452,
          0.05586697780994429
        ],
        [
          0.27175978981851506,
          -0.38967796239962726,
          0.6884660724432697
        ],
        [
          -0.1835330662198634,
          -0.2320433928614547,
          0.092313648502472
        ],
        [
          -0.6701720976630875,
          -0.25266768708428505,
          -0.20280878481672446
        ],
        [
          -0.6446423982040196,
          0.12284358259004644,
          0.44401537955730414
        ],
        [
          0.01681690023090131,
          0.5553078233837533,
          0.46579616760744535
        ],
        [
          0.1356945868678816,
          0.16586602095387049,
          -0.24315511087584973
        ]
      ],
      "Rd": [
        [
          -0.026739168787355938,
          0.2561315450801013,
          -0.22345677529227875
        ],
        [
          0.2905152158327614,
          -0.08381464296404104,
          -0.4212826649976511
        ],
        [
          -0.12491431080180472,
          -0.11276573846190155,
          -0.5870920351766264
        ],
        [
          -0.7087663157285804,
          0.03468158782269387,
          0.38874459222168195
        ],
        [
          -0.09314366569210637,
          -0.3751387595220435,
          0.061348268288718
        ],
        [
          -0.6209218710624382,
          -0.08427229374870385,
          -0.5148313116953998
        ],
        [
          -0.052085875680528526,
          0.8749982311670829,
          -0.08929546727011192
        ]
      ],
      "Lu": [
        [
          0.19486806612373808,
          -0.2052545668053625,
          0.1615268458873292
        ],
        [
          0.4191445413864917,
          -0.6977350202973842,
          -0.36110573903544274
        ],
        [
          0.4524183032847165,
          0.41712093327628086,
          -0.5685931793352961
        ],
        [
          0.5755061779368361,
          0.310033788571486,
          0.42075185501536716
        ],
        [
          -0.1544310583707326,
          0.31147190958498444,
          0.10652605200859434
        ],
        [
          0.4730800145315433,
          0.06369872613536919,
          0.26273677850910493
        ],
        [
          0.05292406165389434,
          -0.31599573264698005,
          0.5126431328614329
        ]
      ],
      "Ru": [
        [
          0.8502009542270665,
          -0.2521102189727754,
          0.09675587068946259
        ],
        [
          0.2264261609139839,
          0.39147550891901645,
          0.08497063543867378
        ],
        [
          -0.4172607900705979,
          -0.3118765374044089,
          -0.2314822977617389
        ],
        [
          -0.06212273363007726,
          0.5479990583327541,
          -0.11945946066333817
        ],
        [
          -0.008037739825934078,
          -0.21877724099793772,
          -0.009635217503310348
        ],
        [
          0.07285243778364675,
          0.5770822741521282,
          -0.14342744264210303
        ],
        [
          0.20628050603146544,
          -0.06877491235825334,
          -0.9459912298547234
        ]
      ]
    }
  },
  "optimizer": {
    "cost": 1.0265501502469025e-21,
    "success": true,
    "message": "`xtol` termination condition is satisfied."
  }
}