{
  "schema": "third_tensor_predictive_stability_gate_v2",
  "status": "FAIL_PREDICTIVE_VACUUM_GATE_NO_FLAVOR_EVALUATED",
  "action_lock": "D:\\Projects\\can_o_worms\\third_tensor_predictive_action_lock_v2_results.json",
  "vacuum_solution": "D:\\Projects\\can_o_worms\\third_tensor_predictive_vacuum_solver_v2_results.json",
  "target_firewall": {
    "flavor_observables_read": [],
    "mass_or_mixing_functions_called": []
  },
  "thresholds": {
    "negative_eigenvalue": -1e-05,
    "zero_absolute": 1e-05
  },
  "stationarity": {
    "solver_projected_gradient_norm": 1.4987365935241748e-11,
    "local_coordinate_gradient_norm": 1.1067624773679978e-11
  },
  "hessian": {
    "dimension": 48,
    "minimum_eigenvalue": -6.8309277941989725e-12,
    "maximum_eigenvalue": 24404.30103574685,
    "negative_mode_count": 0,
    "zero_mode_count": 14,
    "positive_mode_count": 34,
    "eigenvalues": [
      -6.8309277941989725e-12,
      -4.902248670038479e-12,
      -4.384823848047119e-12,
      -2.680592370427113e-12,
      -2.2826131233487567e-12,
      -1.2752418169520658e-12,
      -7.185060886993663e-13,
      -3.9716156593041346e-13,
      -4.0153269072582464e-14,
      4.105190632165023e-13,
      8.30689690634328e-13,
      2.142422956861224e-12,
      2.626475132145976e-12,
      6.337923530318386e-12,
      1382.0209308840572,
      2171.9736221046337,
      2171.9736221046383,
      5617.1498195492,
      5617.149819549219,
      5808.029226372452,
      5808.029226372463,
      5808.029226372463,
      5808.029226372465,
      6202.842115965792,
      6202.842115965807,
      6499.039691814484,
      6499.039691814484,
      6499.039691814489,
      6499.039691814492,
      6499.039691814494,
      6499.039691814494,
      6565.670532959118,
      6565.670532959126,
      8495.58373696479,
      8495.583736964794,
      8700.4390264618,
      8700.439026461807,
      12260.411334380895,
      12260.411334380904,
      12260.411334380908,
      12260.411334380915,
      12260.411334380915,
      12260.411334380922,
      14918.064332855682,
      14918.064332855683,
      23045.48657026567,
      24404.301035746845,
      24404.30103574685
    ]
  },
  "residual_symmetry": {
    "group": "SU(3) stabilizer of h=e7",
    "generator_count": 8,
    "constraint_rank_in_so7": 13,
    "constraint_singular_values": [
      8.505082831717672,
      8.50508283171767,
      8.505082831717669,
      8.505082831717669,
      8.505082831717667,
      8.505082831717665,
      8.48528137423857,
      0.8145956209195797,
      0.8145956209195797,
      0.8145956209195796,
      0.8145956209195795,
      0.8145956209195793,
      0.8145956209195793,
      9.541715652998429e-16,
      8.862741758697647e-16,
      8.469798034264653e-16,
      8.005166001893892e-16,
      7.77577160573042e-16,
      7.069260967080695e-16,
      1.0817673566539108e-16,
      1.1943452275382144e-17
    ],
    "vacuum_orbit_rank": 8,
    "vacuum_orbit_singular_values": [
      1.7770833682185152,
      1.7770833682185148,
      1.6309173685040221,
      1.5619965864241732,
      1.561996586424173,
      1.1584363178013455,
      1.1584363178013453,
      0.7167489952323336
    ]
  },
  "classification": {
    "stable_modulo_tolerance": true,
    "extra_zero_modes_beyond_su3_orbit": 6,
    "isolated_modulo_residual_su3": false
  },
  "claim_boundary": "Only a pass permits held-out flavor evaluation to be described as a prediction. A fail leaves the action target-free but non-predictive."
}
