{
  "schema": "third_tensor_chiral_loop_stability_gate_v1",
  "status": "FAIL_NONISOLATED_OR_UNSTABLE_NO_FLAVOR_EVALUATED",
  "action_lock": "D:\\Projects\\can_o_worms\\third_tensor_chiral_loop_action_lock_v1_results.json",
  "vacuum_solution": "D:\\Projects\\can_o_worms\\third_tensor_chiral_loop_vacuum_solver_v1_results.json",
  "target_firewall": {
    "flavor_observables_read": [],
    "mass_or_mixing_functions_called": []
  },
  "thresholds": {
    "negative_eigenvalue": -1e-05,
    "zero_absolute": 1e-05
  },
  "stationarity": {
    "solver_projected_gradient_norm": 3.066612111751146e-14,
    "local_coordinate_gradient_norm": 2.890378359874923e-14
  },
  "hessian": {
    "dimension": 48,
    "minimum_eigenvalue": -1.911265436481393e-14,
    "maximum_eigenvalue": 66.30301421255638,
    "negative_mode_count": 0,
    "zero_mode_count": 15,
    "positive_mode_count": 33,
    "eigenvalues": [
      -1.911265436481393e-14,
      -1.2979315802003125e-14,
      -9.132550847692744e-15,
      -7.231981928251079e-15,
      -4.5229883774873795e-15,
      -2.457447493209524e-15,
      -4.305961612805276e-16,
      1.4537006960910424e-15,
      1.962530725074187e-15,
      5.0718144070724085e-15,
      7.82258202992622e-15,
      8.698848328243544e-15,
      1.3063896264762422e-14,
      1.9584537624268205e-14,
      2.0246416307159222e-14,
      7.44321649085046,
      7.443216490850466,
      10.840215245983682,
      10.840215245983707,
      14.558277025487747,
      14.55827702548775,
      22.10100473751875,
      22.10100473751876,
      22.101004737518764,
      22.101004737518764,
      22.101004737518767,
      22.101004737518767,
      22.101004737518778,
      22.101004737518796,
      26.18624853447733,
      26.186248534477336,
      32.070656040792045,
      32.07065604079205,
      33.15150710627813,
      33.15150710627815,
      33.15150710627816,
      33.15150710627817,
      33.151507106278174,
      33.151507106278174,
      33.15150710627818,
      33.151507106278196,
      41.507415087521316,
      41.507415087521345,
      44.202009475037514,
      44.20200947503752,
      44.20200947503753,
      66.3030142125563,
      66.30301421255638
    ]
  },
  "residual_symmetry": {
    "group": "SU(3) stabilizer of h=e7",
    "generator_count": 8,
    "constraint_rank_in_so7": 13,
    "constraint_singular_values": [
      8.505082831717672,
      8.50508283171767,
      8.505082831717669,
      8.505082831717669,
      8.505082831717667,
      8.505082831717665,
      8.48528137423857,
      0.8145956209195797,
      0.8145956209195797,
      0.8145956209195796,
      0.8145956209195795,
      0.8145956209195793,
      0.8145956209195793,
      9.541715652998429e-16,
      8.862741758697647e-16,
      8.469798034264653e-16,
      8.005166001893892e-16,
      7.77577160573042e-16,
      7.069260967080695e-16,
      1.0817673566539108e-16,
      1.1943452275382144e-17
    ],
    "vacuum_orbit_rank": 8,
    "vacuum_orbit_singular_values": [
      1.6329931618554527,
      1.6329931618554523,
      1.6329931618554523,
      1.5921998776822957,
      1.5921998776822948,
      1.3415230864524537,
      1.2103303472641198,
      1.2103303472641191
    ]
  },
  "classification": {
    "stable_modulo_tolerance": true,
    "extra_zero_modes_beyond_su3_orbit": 7,
    "isolated_modulo_residual_su3": false
  },
  "claim_boundary": "This is a target-free local stability and isolation test of the frozen action. A failed isolation gate forbids interpreting any later flavor diagnostic as a prediction."
}
