{
  "schema": "third_tensor_isolated_flavor_prediction_v1",
  "status": "DISCRETE_BRANCH_FLAVOR_AMBIGUITY",
  "action": "V_T lexicographically completed by V_ph=-sum_(a<b)||Re K_ab||_F^2",
  "ordering_contract": "action locked -> generic starts -> quotient Hessian -> phase lock -> discrete branch equivalence -> prediction; no observed target used",
  "target_firewall": {
    "observed_flavor_values_read": [],
    "comparison_to_experiment": "not_performed"
  },
  "isolation": {
    "phase_hessian_eigenvalues": [
      0.9760761292260963,
      3.6427494354118863,
      4.309410363713584
    ],
    "discrete_pi_branches_checked": 16,
    "maximum_branch_residuals": {
      "mass_e": 1.0962576522087906,
      "mass_nu": 1.096257675243035,
      "mixing_abs": 0.8308902053153808,
      "jarlskog": 2.0816681711721685e-16
    },
    "prediction_isolated": false
  },
  "prediction": {
    "PMNS_complex_pairs": [
      [
        [
          0.3625864933072968,
          -0.4208248671185253
        ],
        [
          0.5427708060203253,
          -0.6299502505895509
        ],
        [
          -5.776218051383467e-17,
          7.938993700166112e-15
        ]
      ],
      [
        [
          0.5427708060203253,
          -0.6299502505895512
        ],
        [
          -0.3625864933072968,
          0.42082486711852546
        ],
        [
          -1.4732558248598263e-14,
          6.822635495326269e-15
        ]
      ],
      [
        [
          -1.539762344487464e-14,
          2.5150472637117623e-15
        ],
        [
          2.6493828670061127e-15,
          -8.070863057000568e-15
        ],
        [
          -1.0,
          1.092196427260307e-08
        ]
      ]
    ],
    "PMNS_abs": [
      [
        0.5554840536993001,
        0.8315271890237815,
        7.93920382914905e-15
      ],
      [
        0.8315271890237818,
        0.5554840536993001,
        1.6235659138157175e-14
      ],
      [
        1.5601675246231003e-14,
        8.494590046661587e-15,
        1.0
      ]
    ],
    "unitarity_residual": 1.4432899320127035e-15,
    "angles_degrees_theta12_theta23_theta13": [
      56.255938329317516,
      9.302347462294136e-13,
      4.548828721043428e-13
    ],
    "jarlskog": 1.1102230246251565e-16,
    "charged_lepton_singular_values_ascending": [
      3.101081855079334e-18,
      6.396674341602162e-17,
      0.057067333263539397
    ],
    "charged_lepton_normalized_to_largest": [
      5.434075289199873e-17,
      1.1208994666111425e-15,
      1.0
    ],
    "neutrino_singular_values_ascending": [
      1.1463458835526052e-17,
      1.252640242385736e-16,
      0.05706731130222945
    ],
    "neutrino_normalized_to_largest": [
      2.0087609831161272e-16,
      2.195022358337038e-15,
      1.0
    ],
    "link_singular_values": [
      1.9999999999999998,
      0.5773502691896258,
      2.759249675923685e-17
    ],
    "composite_v_gap": 0.0,
    "J_e_complex_pairs": [
      [
        [
          0.0007560699118845141,
          0.0
        ],
        [
          -0.0004087729351389281,
          0.0
        ],
        [
          0.0013128370553985144,
          0.0
        ]
      ],
      [
        [
          -0.0004087729351389281,
          0.0
        ],
        [
          0.00022100510796099144,
          0.0
        ],
        [
          -0.0007097918433981662,
          0.0
        ]
      ],
      [
        [
          0.0013128370553985144,
          0.0
        ],
        [
          -0.0007097918433981662,
          0.0
        ],
        [
          0.0022796055059663644,
          0.0
        ]
      ]
    ],
    "J_nu_shared_complex_pairs": [
      [
        [
          0.0007560693299655082,
          5.197344455967451e-20
        ],
        [
          -0.0004087726205215262,
          1.8484650503112813e-17
        ],
        [
          0.0013128360449564849,
          -1.0255850654389556e-17
        ]
      ],
      [
        [
          -0.00040877262052152626,
          -1.8533126199912023e-17
        ],
        [
          0.00022100493786152993,
          1.418898689967224e-20
        ],
        [
          -0.0007097912970976622,
          -2.6666261116375423e-17
        ]
      ],
      [
        [
          0.0013128360449564849,
          1.0300700025310663e-17
        ],
        [
          -0.0007097912970976623,
          2.6677417097732947e-17
        ],
        [
          0.0022796037514385267,
          4.642783832501148e-21
        ]
      ]
    ]
  },
  "claim_boundary": "This is an isolated output of the stated frozen action/operator chain. It has not been compared with observed lepton flavor and is not claimed to be phenomenologically successful in this artifact."
}
