{
  "schema": "third_tensor_discrete_branch_selector_v9",
  "status": "TARGET_FREE_SELECTOR_LEAVES_PHYSICAL_DISCRETE_AMBIGUITY",
  "hierarchical_completion": {
    "formula": "V=V_T+epsilon V_ph+epsilon^2 V_h, epsilon->0+; V_h=-sum_(a<b)(P_a h).(P_b h)",
    "free_continuous_coefficients": 0,
    "scope": "select only among exactly degenerate pi-shift branches"
  },
  "target_firewall": {
    "observed_flavor_values_read": [],
    "selector_used_mass_or_mixing": false,
    "flavor_computed_only_after_selector_ranking": true
  },
  "branch_count": 16,
  "selected_branch_count": 16,
  "selected_bits": [
    [
      0,
      0,
      0,
      1
    ],
    [
      1,
      1,
      1,
      0
    ],
    [
      0,
      1,
      0,
      1
    ],
    [
      1,
      0,
      1,
      0
    ],
    [
      0,
      1,
      1,
      0
    ],
    [
      1,
      0,
      0,
      1
    ],
    [
      0,
      0,
      1,
      0
    ],
    [
      1,
      1,
      0,
      1
    ],
    [
      0,
      0,
      0,
      0
    ],
    [
      1,
      1,
      1,
      1
    ],
    [
      0,
      1,
      0,
      0
    ],
    [
      1,
      0,
      1,
      1
    ],
    [
      1,
      0,
      0,
      0
    ],
    [
      0,
      1,
      1,
      1
    ],
    [
      1,
      1,
      0,
      0
    ],
    [
      0,
      0,
      1,
      1
    ]
  ],
  "best_selector_energy": -1.853557865557717e-38,
  "next_energy": null,
  "selected_branch_flavor_residuals": {
    "mass_e": 1.0966067724416495,
    "mass_nu": 1.096606795476222,
    "mixing_abs": 0.9568521011863184,
    "jarlskog": 1.8041124150158794e-16
  },
  "selected_branches_physically_equivalent": false,
  "selected_frames": {
    "Ld": [
      [
        -0.15181879632581352,
        0.48611919898070566,
        0.5943559897480729
      ],
      [
        0.30554041256930065,
        0.434178011389084,
        0.29240163684530096
      ],
      [
        0.4746137445649359,
        -0.044410570606160715,
        -0.04033295881999273
      ],
      [
        0.374570418987404,
        -0.644800289838089,
        0.6309240944833281
      ],
      [
        0.3834538034829871,
        -0.08448042132870107,
        -0.38598299513430084
      ],
      [
        -0.6090961210295496,
        -0.38768663204172316,
        0.1121044473745302
      ],
      [
        3.600999424763358e-27,
        -1.9468128693987977e-27,
        6.2510931809783474e-27
      ]
    ],
    "Rd": [
      [
        -0.2095729849122838,
        -0.7723537499504711,
        0.1401428422480345
      ],
      [
        0.11065548066960343,
        -0.349253661145653,
        -0.4380209648311394
      ],
      [
        -0.13842293957842186,
        0.21733007640674,
        -0.34689943547369034
      ],
      [
        -0.6975335973662316,
        0.24141664241746738,
        0.4800647940882412
      ],
      [
        -0.037321656564154836,
        0.39673887092547233,
        -0.3967380472233703
      ],
      [
        0.6608536849317215,
        0.13629187820079933,
        0.5294290463938266
      ],
      [
        -5.084815443520398e-38,
        -9.050426770760386e-39,
        1.824146900625387e-38
      ]
    ],
    "Lu": [
      [
        -0.6391971358514619,
        -0.17594559683516364,
        -0.29095219887980306
      ],
      [
        -0.4763514747203692,
        0.2889893072360584,
        -0.002806942130930027
      ],
      [
        0.04637165418186226,
        0.2322339414605242,
        0.3708381311817182
      ],
      [
        0.3529008358677299,
        -0.4627224956507304,
        0.37042417442373693
      ],
      [
        0.2815107607964385,
        0.7788494081990417,
        -0.06204214359022058
      ],
      [
        0.39821935580672496,
        -0.10429388792260853,
        -0.7979691240428763
      ],
      [
        -6.797430249721113e-18,
        -3.656419400254963e-17,
        3.570045963935558e-17
      ]
    ],
    "Ru": [
      [
        0.22397869497990222,
        0.47308090013797405,
        0.5041921712080631
      ],
      [
        0.11406426135963646,
        0.6004771108069161,
        -0.14837038279299258
      ],
      [
        -0.08408284836860268,
        0.156188863449048,
        -0.5041446211460375
      ],
      [
        0.4738421065672202,
        -0.2534343942855477,
        -0.5621833128776829
      ],
      [
        -0.7768910700151529,
        -0.17089485107605606,
        -0.003923579902914864
      ],
      [
        0.3188524524924549,
        -0.5457038555159088,
        0.3918535609312459
      ],
      [
        3.2084085321817194e-22,
        1.1100639797304504e-22,
        -3.042484084124512e-22
      ]
    ]
  },
  "claim_boundary": "A prediction is isolated only if every branch tied by the target-free selector gives identical physical flavor invariants."
}
